{"MAIN_LEN":400,"BRANCH_LEN_FACTOR":0.3333333333333333,"BRANCH_ANGLE":2.617993877991494,"TREE_DEPTH":14,"LEN_FACTOR":0.5773502691896258,"XOFFSET":744,"YOFFSET":660,"COUNT":3,"LEN_OFFSET":-400}
