{"MAIN_LEN":400,"BRANCH_LEN_FACTOR":0.3333333333333333,"BRANCH_ANGLE":2.617993877991494,"TREE_DEPTH":12,"LEN_FACTOR":0.5773502691896258,"XOFFSET":0,"YOFFSET":0,"COUNT":3,"LEN_OFFSET":-400}
