{"MAIN_LEN":59,"BRANCH_LEN_FACTOR":0.8200000000000005,"BRANCH_ANGLE":6.579999999999949,"TREE_DEPTH":10,"LEN_FACTOR":0.7900000000000005,"XOFFSET":375,"YOFFSET":525,"COUNT":1,"LEN_OFFSET":-1}