{"MAIN_LEN":337,"BRANCH_LEN_FACTOR":0,"BRANCH_ANGLE":0.7743951023931952,"TREE_DEPTH":11,"LEN_FACTOR":0.6671067811865474,"XOFFSET":1320,"YOFFSET":645,"COUNT":4,"LEN_OFFSET":-719}